metric,value
shape_error,0.0008113101528539888
force_magnitude,13.226742441626662
force_smoothness,9.343146697692617
curvature,0.00010242698785577895
total_cost,1.522407814965829
