force_id,location
1,19.398151471643427
2,4.15635334246808
3,10.129520323762616
